XI Taller Internacional Paradigmas Emancipatorios / 11th Emancipation Paradigms International Workshop / 11ª Oficina Internacional “Paradigmas Emancipatórios”   ,6-ene.,9-ene.,La Habana,CSO “Otto Parellada”       ,Cubatur,"Dr. Gilberto Valdés Gutiérrez                                          


",(537) 832 1887; 832 0301,,galfisa@ceniai.inf.cu,www.filosofia.cu
Premio Literario Casa de las Américas / Casa de las Américas Literary Award / Prêmio Literário Casa de las Américas           ,19-ene.,29-ene.,La Habana,Casa de las Américas          ,Paradiso,Dr. Roberto Fernandez Retamar,(537) 838 2706-09.,(537) 838 2703,direccioncil@casa.cult.cu,www.casadelasamericas.org
XIV Jornada Internacional de Derecho de Contratos / 14th Contracts Law International Meeting / 14ª Jornada de Direito de Contratos         ,25-ene.,27-ene.,La Habana,Hotel Nacional de Cuba                   ,Cubatur,Migdalia Velázquez Pérez,(537) 832 9680 ,(537) 833 3382,migdalia@unjc.co.cu,www.unjc.co.cu
XIV Simposio Internacional de Comunicación Social / 14th Social Communication International Symposium / 14º Simpósio Internacional de Comunicação Social   ,25-ene.,29-ene.,Santiago de Cuba,Centro de Convenciones Heredia     ,Havanatur,"Dra. Eloína Miyares Bermúdez     Dr. Leonel Ruiz Miyares



",(53 22) 646390; 656141,,leonel@lingapli.ciges.inf.cu,www.santiago.cu/hosting/linguistica
Congreso Internacional Pedagogía 2015 / Pedagogy 2015 International Congress / Congresso Internacional Pedagogia 2015 ,26-ene.,30-ene.,La Habana,Palacio de Convenciones,Cubatur,Margarita Quintero López                                 ,(537) 838 3413; 838 1326,,pedagogia@mined.rimed.cu,www.rimed.cu
XV Taller de Física Nuclear y IX Simposio de Técnicas Nucleares y Conexas 2015 / 15th Nuclear Physics Workshop and 9th Nuclear and Related Techniques Symposium / 15º Workshop de Física Nuclear e 9º Simpósio de Técnicas Nucleares e Conexas 2015,2-feb.,6-feb.,La Habana,Museo Nacional de Bellas Artes,Cubatur,"Dra. Ana Ester Cabal Rodríguez            Dr. Cesar García Trápaga 
                                
 
",(537) 206 6109; 878 9860,(53-7) 878-9871 (InSTEC) ,wonp-nurt@ceaden.edu.cu,www.wonp-nurt.cu
"XVI Taller de Ingeniería de Montaña “Jorge Serrano In Memoriam"" / 16th “Jorge Serrano In Memoriam"" Mountain Engineering Workshop / 16º Workshop de Engenharia de Montanha “Jorge Serrano In Memoriam”",6-feb.,8-feb.,Guantánamo ,Baracoa      ,Cubatur,"MsC. Arq.Max Roberto Singh Castillo                                     
", (53 21) 324306; 355204; 355507,,"maxsingh@gtmo.copextel.com.cu, presidencia@gtm.unaicc.cu",www.unaicc.cu
Feria Internacional del Libro / International Book Fair. / Feira Internacional do Livro,12-Feb,22-2,La Habana,Complejo Morro- Cabaña (La Habana) y provincias. ,Paradiso,"Zuleica Romay Guerra

      


",(537) 832 9559; 832 8829,(537) 866 8446; 833 3441,"presidencia@icl.cult.cu, feria@ccl.cult.cu, direccion@ccl.cult.cu ",www.camaradelibro.cult.cu 
Búsquedas Investigativas: Intercambio científico entre profesionales cubanos y norteamericanos / Research Explorations: Cuban and North American professionals’ scientific exchange / Buscas  investigativas: troca de experiências entre profissionais cubanos e norte-americanos,22-feb.,28-feb.,Habana y Stgo de Cuba,APC en Habana Univ. Ciencias Pedagógicas Frank País en Stgo. Cuba,Havanatur,Dr.C. Gilberto García Batista                      ,(537) 202 5420; 202 5478,,"eventos@apc.rimed.cu, presidente@apc.rimed.cu", www.apc.rimed.cu
Seminario Científico Estudiantil.  XXIII Encuentro Interfacultades BUAP- UC de Arquitectura y Urbanismo / Student Scientific Seminar.  23rd BUAP- UC Architecture and Urban Planning Interfaculty Meeting / Seminário Científico Estudantil. 23º Encontro Interfaculdade BUAP – UC de Arquitetura e Urbanismo,22-feb.,28-feb.,Camagüey,Universidad de Camagüey,Cubatur,"Dr. Arq. Elio Pérez Ramírez.                Arq.Cristina Balbis Iraola
 
",,,"elio.perez@reduc.edu.cu, cristina.balbis@reduc.edu.cu",
XVII Festival Internacional del Habano / 17th Havana Cigar Festival / 17º Festival do Charuto,23-feb.,27-feb.,La Habana,Palacio de Convenciones,Havanatur,"Eloisa Castellanos 

",(537)204 0513; 204 0514,,"agarcia@palco.cu, ecastellanos@habanos.cu ", www.habanos.com
"Concurso fotográfico ""Foto al Vuelo"" / ""Foto al Vuelo"" Photographic Contest / Concurso de fotografias “Foto em Voo”",23-feb.,27-feb.,Matanzas,Ciénaga de Zapata,ECOTUR,"MsC. Franklin Marín Milanés              Cecilio Larena Rodríguez



",,,"ecotur@hab.ecotur.tur.cu, comercial@peninsula.tur.cu",www.ecoturcuba.tur.cu 
Búsquedas Investigativas. Encuentro entre Educadores Cubanos y Norteamericanos / Researches. Meeting between Cuban and U.S. Educators  / Buscas  investigativas: troca de experiências entre profissionais cubanos e norte-americanos,23-feb.,28-feb.,La Habana y Santiago de Cuba,APC en La Habana /  Univ. Ciencias Pedagogicas Santiago Cuba,Havanatur,Gilberto García Batista                                                    ,"202 5420, 202 5478",,"presidente@apc.rimed.cu, eventos@apc.rimed.cu",
"VIII Encuentro Internacional: Constitución, Democracia y Sistemas Políticos / 8th International Meeting: Constitution, Democracy and Political Systems. /  8º Encontro Internacional: Constituição, Democracia e Sistemas Políticos ",24-feb.,26-feb.,La Habana,Hotel Nacional de Cuba        ,Cubatur,"Migdalia Velázquez Pérez
                                                  
  
  
",(537) 832 9680, (537) 833 3382, migdalia@unjc.co.cu,www.unjc.co.cu
V Congreso Cubano de Desarrollo Local / 5th Cuban Congress on Local Development / 5º Congresso Cubano de Desenvolvimento Local,4-mar.,6-mar.,Granma,Hotel Sierra Maestra      Bayamo,Paradiso,MSc. Narcys Bueno Figueras                 Dr.C Juan J. Silva Pupo                                                   ,(53-23) 483498,,"nbuenof@udg.co.cu, jsilvap@udg.co.cu",www.udg.co.cu
IX Encuentro Internacional  de los abogados laboralistas y del movimiento sindical / 9th International Meeting of labor lawyers and union movement. / 9º Encontro Internacional de advogados trabalhistas e do movimento sindical ,4-mar.,6-mar.,La Habana,Hotel Nacional de Cuba                   ,Cubatur,"Migdalia Velázquez Pérez
                                                   
 
  
",(537) 832 9680,(537) 833 3382, migdalia@unjc.co.cu,www.unjc.co.cu
Talleres Biología de Sistemas / Workshops on Biology of Systems / Workshops Biologia de Sistemas,5-mar.,8-mar.,Matanzas,Hotel Allegro Varadero ,Gaviota Tours,Dra. Karina García           ,,,karina@cim.sld.cu,
COOPERAT´ 2015 / COOPERAT 2015,6-mar.,8-mar.,La Habana,Hotel “Habana Riviera”                     ,Cubatur,Dr. Claudio Alberto Rivera Rodríguez.                                        ,(53) 48 728006,48779353,arivera@eco.upr.edu.cu,www.upr.edu.cu
"XIV Festival internacional de Documentales ""Santiago Álvarez in Memoriam"" / 14th ""Santiago Álvarez in Memoriam"" International Documentary Festival. / 14º Festival Internacional de Documentários “Santiago Alvarez In Memoriam”",6-mar.,11-mar.,Santiago de Cuba,"Cines de Santiago de Cuba, Guantánamo, Las Tunas y Granma.",Paradiso Havanatur,"Lazara Herrera González
 



",(537) 830 1548,(537) 838 1188,"salvarez@icaic.cu, festivalsantiagoalvarez@icaic.cu ","www.cubacine.cu,  www.santiagoalvarez.com "
ANTHROPOS 2015. Convención Internacional de Antropología  / International Convention of Anthropology / ANTHROPOS 2015  Convenção Internacional de Antropologia ,9-mar.,13-mar.,La Habana,Palacio de Convenciones     ,Havanatur,Dra. Alina Forrellat Barrios                                 Dr.Antonio Martínez Fuentes                  Dra.Vanessa Vázquez Sánchez                                               ,"(537) 832 9000, 8793488",(537) 8321321,"museo.montane@fbio.uh.cu,  ajmf@fbio.uh.cu",
"BIONAT2015. V Convención de la Sociedad Cubana de Medicina Bioenergética y Naturalista / 5th Convention of the Cuban Society of Bioenergy and Naturalist Medicine. / BIONAT 2015. 5ª Convenção da Sociedade Cubana de Medicina Bioenergética e Naturalista
",9-mar.,13-mar.,La Habana,Palacio de Convenciones     ,Viajes Cubanacan,"Dr. C. Humberto López Pellón, Presidente, Sociedad Cubana de Medicina Bioenergética y Naturalista.   
 
","(537) 274 3831,641 2118",,bioenerg@fomed.sld.cu,
11no Taller de Investigación Operacional / 11th Operational Research Workshop / 11º Workshop de Pesquisa Operacional ,10-mar.,13-mar.,La Habana,Universidad de La Habana,Viajes Cubanacan,Dr. Raúl Guinovart Díaz                       Dra.Sira Ma Allende Alonso                                                  ,(537) 879 0890,(537) 873 6310,"guino@matcom.uh.cu,  sira@matcom.uh.cu",
"XII Taller Internacional ""Comunidades: Historia y Desarrollo"" / 12th Communities: History and Development International Workshop / 12ª Oficina Internacional “Comunidades: História e Desenvolvimento”",11-mar.,14-mar.,Villa Clara ,UNEAC                    ,Gaviota Tours,Dr. Joaquín Alonso Freyre       MsC.Gertrudis Leticia Toledo Cabrera   Lic.Daniel Guemechu                        ,(53 42) 211906,,eventocomunidades@uclv.edu.cu,
HIPNOSANTIAGO 2015.  V Congreso Regional Caribeño y Latinoamericano de Hipnoterapia. IX Taller Internacional de Hipnosis Terapéutica y Técnicas Afines / 5th Caribbean and Latin American Regional Congress on Hypnotherapy.  9th International Workshop on Therapeutic Hypnosis and Related Techniques.  / HIPNO SANTIAGO 2015. 5º Congresso Regional Caribenho e Latino-Americano de Hipnoterapia. 9ª Oficina Internacional de Hipnose Terapêutica e Técnicas Afins.,16-Mar,20-Mar,Santiago de Cuba,Complejo Cultural Heredia ,Havanatur,Dr.C. Alberto E. Cobián Mena                                         alberto@sierra.scu.sld.cu,(53 22) 651974; 653011 Ext.114,(53 22) 651974; 686200,,
1er Seminario de Patrimonio Cultural Universitario / 1st Seminar on University Cultural Heritage / 1º Seminário de Patrimônio Cultural Universitário,18-mar.,20-mar.,La Habana,Colegio Universitario de San Gerónimo    ,Paradiso,MsC. Claudia Felipe Torres                                ,(537) 873 6250,,claudia@fayl.uh.cu,
ESMEC 2015. Congreso Internacional Enfoque social y multidisciplinario para una estomatología de calidad / International Congress on Social and multidisciplinary focus for a quality stomatology. / ESMEC 2015.  Congresso Internacional Enfoque Social e Multidisciplinar para a odontología de qualidade ,18-Mar,21-Mar,Matanzas,Centro de Convenciones Plaza América Varadero.,Havanatur,Dra. Judit Martínez Abreus                        ,(53 45) 266415 Ext. 146; 267290,, jmabreu.mtz@infomed.sld.cu,
"HAVMUN 2015.   XX Modelo de Naciones Unidas de La Habana / 20th United Nations Model of Havana / HAVMUN 2015
20º Modelo das Nações Unidas de Havana
",24-mar.,27-mar.,La Habana,Universidad de La Habana,Havanatur,Dra. Dánice Vázquez D´Alvaré                              ,(537) 873 3813,,danice@lex.uh.cu ,www.havmun.uh.cu
XX Encuentro Internacional de Academias para la Enseñanza del Ballet y XII Concurso Internacional para jóvenes bailarines / 20th International Meeting of Ballet Academies and 12th International Contest for young dancers.  / 22º Encontro Internacional de Academias para o Ensino do Balé e 14º Concurso Internacional para jovens bailarinos,29-mar.,12-abr.,La Habana,"Escuela Nacional de Ballet, Teatro Nacional, Teatro América.             ",Paradiso,"Maître Ramona de Saá Bello  
      
",(537) 866 0143; 861 6629,,"enballet@cubarte.cult.cu, direccion@cneart.cult.cu ",www.cneart.cult.cu
FESTCUBA 2015. Congreso Deporte para Todos. Deporte para el desarrollo / Sports for All Congress. Sports for development. / Congresso Esporte para Todos. Esporte para o desenvolvimento ,30-mar.,2-abr.,La Habana,Palacio de Convenciones  ,Cubadeportes,Dra. Gladys Becquer Díaz                        ,(537) 641 3288,,vicecult@inder.cu,
Festival Internacional de Videoarte de Camagüey. 6ta edición. / International Festival of Camagüey Video Art. 6th edition. / Festival Internacional de Vídeoarte de Camagüey. 6ª edição,31-mar.,4-abr.,Camagüey,Provincia Camagüey,Paradiso,"Jorge Luis Santana Pérez 
                   

",(535) 3183046,,"sandia@pprincipe.cult.cu, fivacuba@gmail.com",
14a. Muestra Jóven ICAIC / 14th ICAIC Young Filmmakers Exhibit / 14ª Mostra Jovem ICAIC,31-mar.,5-abr.,La Habana,"Cine Chaplin, Cine 23 y 12, Sala Titón, Sala 2do piso ICAIC",Paradiso,"Marisol Rodríguez Rosabal 

 

",(537) 838 2840; 8319736 ,, muestrajoven@icaic.cu," www.cubacine.cu, www.muestrajoven.cu "
IX Taller Internacional de Hipnosis Terapéutica y Técnicas Afines. I Simposio de Ozonoterapia en Latinoamérica / 9th International Workshop on Therapeutic Hypnosis and Related Techniques. 1st Symposium of Ozone Therapy in Latin America. / 9ª Oficina Internacional de Hipnose Terapêutica e Técnicas Afins. 1º Simpósio de Ozonoterapia na América Latina,1-Apr,3-Apr,Matanzas,Hotel Sol Palmeras Varadero,Havanatur,Dr. Alberto V. Goberna Hernández.             ,(53-45) 256196 ,,albertovalentin.mtz@infomed.sld.cu,
EGAL 2015.    XV Encuentro de Geógrafos de América Latina. / 15th Meeting of Geographers of Latin America. / EGAL 2015. 15º Encontro de Geógrafos da América Latina.,6-abr.,10-abr.,La Habana,Palacio de Convenciones    ,Viajes Cubanacan,Dra. Nancy Pérez Rodríguez                 Dr. Eduardo Salinas Chávez                    MSc. Obllurys Cárdenas López                                           ,(537) 830 2470,,"nan@geo.uh.cu, esalinas@geo.uh.cu, 15egal2015@geo.uh.cu",www.xv-egal-cuba.com
VII Convención Científica Internacional de la Universidad de Matanzas / 7th International Scientific Convention of the University of Matanzas / 7ª Convenção Científica Internacional da Universidade de Matanzas,6-abr.,10-abr.,Matanzas ,Centro de Convenciones Plaza América   Varadero,Viajes Cubanacan,Dr.C. Roberto Vizcón Toledo               ,(53 45) 261992,(53 45) 253101,"roberto.vizcon@umcc.cu, www.umcc.cu",
Premio de Composición Casa de las Américas  / Casa de las Américas Composition Award / Prêmio de Composição Casa de las Américas,6-abr.,10-abr.,La Habana,Casa de las Américas,Paradiso,"María Elena Vinueza González

 

",(537) 838 2706 - 09,(537) 838 2703,"musica@casa.cult.cu, direccionri@casa.cult.cu ", www.casadelasamericas.org
I Simposio de Neuroprotección 2015 / 1st Symposium of Neuroprotection 2015 / Simpósio de Neuroproteção 2015,7-abr.,10-abr.,Matanzas,Hotel Melia Marina Varadero,Havanatur,Gerardo Enrique Guillén Nieto                                               ,(53 45) 25 0495 ,(53 45) 25 0494                 ,gerardo.guillen@cigb.edu.cu,
 VIII Taller Internacional Tecnolaser 2015. / 8th Technolaser International Workshop 2015. / 8º Workshop Internacional Tecnoláser 2015,7-abr.,10-abr.,La Habana,Museo Nacional de Bellas Artes,Cubatur,"Dr. Iván Padrón Díaz                             

",(537) 209 3920; 203 1224,(537) 202 1518,tecnolaser@ceaden.edu.cu,www.ceaden.cu/tecnolaser/index.asp
VIII Taller Internacional de Energía y Medio Ambiente / 8th International Workshop on Energy and Environment / 8º Workshop Internacional de Energia e Meio Ambiente,8-abr.,10-abr.,Cienfuegos,Universidad de Cienfuegos,Cubatur,Dr. Juan J. Cabello Eras                        ,(53 43) 500137; 500138  ,, jcabello@uc.edu.cu,
"XIV Congreso de Derecho de Seguros de CILA - Comité Iberoamericano de AIDA / 14th Congress of Insurance Law of CILA – Iberian-American Committee of AIDA /  14º Congresso do Direito de Seguros de CILA – Comitê Ibero-Americano de AIDA -
",8-abr.,11-abr.,La Habana,Hotel Nacional de Cuba,Cubatur,"Migdalia Velázquez Pérez
                                                   
 
  
",(537) 832 9680,(537) 833 3382,migdalia@unjc.co.cu,www.unjc.co.cu
Gran Torneo de Golf “Cuba Golf” / “Cuba Golf” Grand Golf Tournament / Grande Torneio de Golfe “Cuba Golf”,9-abr.,11-abr.,Matanzas,Varadero Golf Club,Havanatur,"Liubersy Pérez Guillén 


",(537) 836 2557; 836 0101 ext. 1007,,vice.operaciones@gee.palmares.cu,www.palmarescuba.com
"26 Festival ""La Huella de España"" / 26th ""La Huella de España"" Festival / 26º Festival O Vestígio da Espanha",12-abr.,19-abr.,La Habana,Teatro Nacional,Paradiso,"Mirian Vila.


 
 
",(537) 832 4625; 833 1449,(537) 833 3117,catedradedanza@cubarte.cult.cu,www.balletcuba.cu
"II Congreso Internacional de Agricultura Urbana, Suburbana y Familiar. / 2nd International Congress on Urban, Suburban and Family Agriculture / 2º Congresso Internacional de Agricultura Urbana, Suburbana e Familiar",13-abr.,16-abr.,La Habana,Palacio de Convenciones  ,Cubatur,"DrC. Adolfo Rodríguez Nodals      

","(537) 683 9010, 6834039, 683 0093",,"dirgeneral@inifat.co.cu, dircientifica@inifat.co.cu, dirdesarrollo@inifat.co.cu",www. ausc.co.cu
"Convención Internacional Agroforestal 2015: VI Congreso Forestal de Cuba, II Congreso Internacional de Café y Cacao, VI Encuentro Internacional de Jóvenes Investigadores / Agroforestry International Convention: 6th Forestry Congress of Cuba, 2nd Coffee and Cacao International Congress, 6th International Meeting of Young Researchers / Convenção Internacional Agroflorestal: 6º Congresso Florestal de Cuba, 2º Congresso Internacional Café e Cacau, 6º Encontro Internacional de Jovens Pesquisadores
",13-abr.,17-abr.,La Habana,Palacio de Convenciones  ,Viajes Cubanacan,"Lic. Marta Aurora González Izquierdo
                                                   

",(537) 208 3444,(537) 208 2189,mgonzalez@forestales.co.cu,
Congreso 75 Aniversario de la Sociedad Espeleológica de Cuba / Congress on 75th Anniversary of the Cuban Speleological Society / Congresso pelo 75º Aniversário da Sociedade Espeleológica de Cuba,20-abr.,23-abr.,Camagüey,Escuela Provincial del PCC ,Havanatur,"Alejandro Romero Emperador           


",(53 41) 326805                                                    ,(53 41) 2025025,"funatss@enet.cu, angel@fanj.cult.cu",quimred.fq.uh.cu/sec
Convención Internacional de Salud 2015. / Health 2015 International Convention. / Convenção Internacional de Saúde 2015,20-Apr,24-Apr,La Habana,Palacio de Convenciones  ,Cubatur,Dra. Ileana del Rosario Morales Suárez.         ,(537) 839 6344,,imorales@infomed.sld.cu,www.convencionsalud2015.sld.cu
VI Seminario Internacional Porcicultura Tropical 2015 / 7th International Seminar on Tropical Hog Raising 2015 / 6º Seminário Internacional Suinocultura Tropical 2015,20-abr.,24-abr.,La Habana,Centro de Convenciones de Cojimar             ,Havanatur,"Alfred R. Crespo Dorta 
                                                    


",(537) 279 4108; 279 3545,,"direccion@iip.co.cu, crespo@iip.co.cu ",www.iip.co.cu
IV Asamblea General del Observatorio Iberoamericano de Seguridad Vial y Reunión de Responsables de Tránsito y Seguridad Vial (OISEVI) / 4th General Assembly of the Iberian-American Observatory of Road Safety and Meeting of Heads of Traffic and Safety (OISEVI) / 4ª Assembleia Geral do Observatório Ibero-Americano de Segurança Viária e Reunião de Responsáveis do Trânsito e Segurança Viária (OISEVI),21-abr.,24-abr.,La Habana,Palacio de Convenciones  ,Havanatur,"Yania Plá Ramírez
 
 
",(537) 881 9898                                        ,, yania.sa@mitrans.co.cu ,
V Taller de Intercambio Científico entre educadores de Latinoamérica / 5th Workshop on Scientific Exchange of Latin American Educators / 5ª Oficina de Intercâmbio Científico entre educadores da América Latina,21-abr.,25-abr.,Pinar del Río,"UCP ""Rafael María de Mendive""       ",Cubatur,Dr.C. Gilberto García Batista                 ,(537) 202 5420; 202 5478   ,,"eventos@apc.rimed.cu, presidente@apc.rimed.cu",www.apc.rimed.cu
IV Congreso Internacional de Derecho Procesal / 4th International Congress of Procedural Law / 4º Congresso Internacional de Direito Processual,22-abr.,24-abr.,La Habana,Hotel Nacional de Cuba,Viajes Cubanacan,"Migdalia Velázquez Pérez



",(537) 832 9680                                                   ,(537) 833 3382,migdalia@unjc.co.cu ,www.unjc.co.cu 
"Festival Internacional ""Varadero Gourmet"" 2015 / ""Varadero Gourmet"" 2015 International Festival / Festival Internacional “Varadero Gourmet” 2015",22-abr.,24-abr.,Matanzas,"Centro de Convenciones Plaza América,  Varadero",Havanatur,"Liubersy Pérez Guillén 



",(537) 836 2557; 836 0101 ext. 1007,,vice.operaciones@gee.palmares.cu,www.palmarescuba.com
17ª Primavera Científica IES- UC de Diseño Gráfico / 17th Graphic Design IES-UC Scientific Spring  / 17ª Primavera Científica IES – UC de Design Gráfico                  ,26-abr.,2-may.,Camagüey,Universidad de Camagüey,Cubatur,Arq. Cristina Balbis Iraola                  Dr.Arq. Elio Pérez Ramírez ,,,"cristina.balbis@reduc.edu.cu,  elio.perez@reduc.edu.cu ",
VII Conferencia Científica Internacional de la Universidad de Holguín . / 7th International Scientific Conference of the University of Holguín / 7ª Conferência Científica Internacional da Universidade de Holguín,27-abr.,29-abr.,Holguín,"Hotel Club Amigo Atlántico-Guardalavaca,    ",Viajes Cubanacan,Dr.C. Luis Cuevas Rodríguez                     ,(53 24) 481662; (53-5) 286 5367 ,,vrecip@ict.uho.edu.cu,conferencia.uholm@gmail.com www.uho.edu.cu/conferencia_cientifica                         
"""FOTOSUB 2015"" Evento Internacional de Fotografía Subacuática / International Underwater Photography Contest / FOTOSUB 2015",29-abr.,3-may.,Ciego de Ávila,Jardines del Rey,Ecotur,"MsC. Franklin Marín Milanés 
                                        

      


",(537) 273 7912,,"dircomercial@marlin.tur.cu, ecotur@hab.ecotur.tur.cu, esp.comercial1@hab.ecotur.tur.cu ",www.photosubcuba.com 
XXI Festival Romerias de Mayo / 21st Festival Romerias de Mayo / Romarias de Maio,2-may.,8-may.,Holguín,Holguín,Paradiso,"Dirección Provincial de Cultura de Holguín, 



",(53 24) 42 1673,(53 24) 46 7862,director@baibrama.cult.cu      ,www.baibrama.cult.cu 
Festival Internacional de KITE SURF / Kite Surf International Festival,4-may.,7-may.,Ciego de Ávila,Jardines del Rey,Ecotur,"MsC. Franklin Marín Milanés 
                                         
       


",(537) 273 7912       ,,"dircomercial@marlin.tur.cu, ecotur@hab.ecotur.tur.cu , esp.comercial1@hab.ecotur.tur.cu",www.photosubcuba.com
"GEOCIENCIAS 2015.  VI Convención Cubana de Ciencias de la Tierra. / 7th Cuban Convention on Earth Sciences. / GEOCIÊNCIAS 2015
6ª Convenção Cubana de Ciências da Terra
",4-may.,8-may.,La Habana,Palacio de Convenciones ,Havanatur,Kenya Núñez Cambra                     ,(537) 860 0197,,geociencias@mnhnc.inf.cu,www.cubacienciasdelatierra.cu
"FITCUBA 2015.   Feria Internacional de Turismo / International Tourism Fair / FITCUBA 2015
Feira Internacional de Turismo
",5-may.,7-may.,Ciego de Ávila,Jardines del Rey,,"Dalila A. González García                     Ms. Alberto Encinoso Lemus
                
  


       ",(537) 8327535 ext.228,,comunicacion1@mintur.tur.cu,www.fitcuba.com
VIII Conferencia Internacional de Derecho de Familia / 8th International Conference on Family Law  / 8ª Conferência Internacional de Direito da Família,6-may.,8-may.,La Habana,Hotel Nacional de Cuba,Cubatur,"Migdalia Velázquez Pérez
                                                   


",(537) 832 9680,(537) 833 3382,migdalia@unjc.co.cu , www.unjc.co.cu 
AGROMÁS  2015 / AGROMAS  2015,6-may.,9-may.,Granma,Hotel Sierra Maestra   Bayamo,Ecotur,"Dr.C. Mario Valentín Cisneros López


","(53 23)484263,  483235, 483257",,mvcisneros@dimitrov.cu,
 TERMAISLA 2015. Evento Internacional /  International Event / TERMAISLA 2015. Evento Internacional,6-may.,9-may.,Isla de la Juventud,Hotel Colony,Cubatur,"Ing. Dolores Campanioni                        Ing. Fermín Molina 
MSc Ing. Estrella Santa Cruz                  

","(53 46) 323065, 324107, 326404",,"fmma71@elecij.une.cu, esantacruz@dij.co.cu",www.unaicc.cu
62 Congreso Internacional en Modelación y Simulación en Economía y Administración. / International Congress on Modeling and Simulation in Economy and Management. / Congresso Internacional Modelagem e Simulação na Economia e Administração ,7-may.,8-may.,La Habana,Hotel Nacional de Cuba                     ,Havanatur,Dra. Silvia Odriozola Guitart                 Ana María Gil Lafuente                                                                   ,(537) 835 2215              ,,"silviao@fec.uh.cu, amgil@ub.edu                  "," www.amse-modeling.com, www.fec.uh.cu"
Congreso CARDIO VARADERO / CARDIO VARADERO Congress / Congresso CÁRDIO VARADERO,10-may.,13-may.,Matanzas,"Hotel Meliá Marina Varadero,  ",Gaviota Tours,Dr. Alberto Morales     ,,,cardioams@yahoo.es,
BIOVEG 2015. X Congreso Internacional de Biotecnología Vegetal y Agricultura.  / International Congress on Plant Biotechnology  / BioVeg 2015. Congresso Internacional de Biotecnologia Vegetal                                ,11-may.,15-may.,Ciego de Ávila, Hotel Memories Flamenco,Gaviota Tours,Dr. Oscar V. Concepción Laffitte                  Dr. Marcos E. Martinez-Montero                MsC. Carol Carvajal                                                  ,"(53 33) 225768, 224016           ",,"oconcepcion@bioplantas.cu, bioveg2015@gmail.com",www.bioplantas.cu                                          
VIDEOSALUD 2015. IV Muestra Internacional del Audiovisual en Ciencias de la Salud./ 4th International Audiovisual Exhibit on Health Sciences / Vídeosaúde 2015. 4ª Mostra Internacional de Audiovisual nas Ciências da Saúde,12-may.,15-may.,La Habana,Infomed ,Infomed,Alina de la Cruz                                        ,(537) 8383839,,"lya@infomed.sld.cu, videosalud2015.sld.cu",
IV Simposio Internacional Campos Electromagnéticos Intensos y Estrellas de Neutrones. III Simposio Caribeño. STARS  / 4th International Symposium on Intense Electromagnetic Fields and Neutron Stars. 3rd Caribbean Symposium. STARS / 4º Simpósio Internacional Campos Eletromagnéticos Intensos e Estrelas de Nêutrons. 3º Simpósio Caribenho STARS ,13-may.,16-may.,Matanzas,Hotel Breezes Varadero ,Gaviota Tours,Lisbet Betancourt García                                  ," 869-5773, 8695774",,director.promocion@gaviota.cu,
VII Taller Internacional sobre la Aplicación Práctica de Heberprot-P en Pacientes con Úlceras de Pie Diabético. / 7th International Workshop on Practical Application of Heberprot-P on Patients with Diabetic Foot Ulcers. / 7º Workshop Internacional sobre a Aplicação Prática de Heberprot-P nos Pacientes com úlceras do pé diabético,14-may.,16-may.,La Habana,Hotel Melia Habana,Havanatur,Miriela Gil Mena                                 Osvaldo Reyes Acosta                             ,(537) 271 6022 ext.1021        ,,"mariela.gil@cigb.edu.cu, osvaldo.reyes@cigb.edu.cu",
I Convención Internacional de Ciencias Sociales y Ambientales de la Universidad de Oriente. / 1st International Convention of Social and Environmental Sciences of the University of Oriente / 1ª Convenção Internacional de Ciências Sociais e Ambientais da Universidade de Oriente,18-may.,23-may.,Santiago de Cuba,Complejo Cultural Heredia /    Hotel Meliá Santiago,Havanatur,Dra. Martha Mesa Valenciano                Dra. Suyen Rodríguez Pérez                  ,(53 22) 643451,,"convencionsa@eventos.uo.edu.cu,  www.convenciones.uo.edu.cu",
SISA 2015. II Seminario Internacional de Sanidad Agropecuaria. / 2nd International Seminar of Agricultural Health. Annual Meeting of the Organization of Nematologists of the American Tropics / SISA 2015. 2º Seminário Internacional de Sanidade Agropecuária. Reunião Anual da Organização de Nematologistas dos Trópicos Americanos.  ,18-may.,22-may.,Matanzas ,Centro de Convenciones Plaza América Varadero,Viajes Cubanacan,Dra. Yamila Martínez Zubiaur              ,"(53 47) 863014 ext.133,  862752",,"sisa2015@censa.edu.cu, yamila@censa.edu.cu",www.censa.edu.cu
I Taller Internacional Alianzas Estratégicas para la Internacionalización de la Educación Superior. / 1st International Workshop on Strategic Alliances for the Internationalization of Higher Education / 1ª Oficina Internacional de Alianças Estratégicas para a Internacionalização da Educação Superior.,18-may.,23-may.,Cienfuegos,Universidad de Cienfuegos,Cubatur,Ms. C Dayni Díaz Mederos.                   Ms. C Hugandy Alvarez Acosta.                        ,(53 43) 500180,,"ddmederos@ucf.edu.cu, halvareza@ucf.edu.cu ",
"FELTI- 2015.  Foro de Empresarios y Líderes en Tecnologías de la Información. /  Forum of Businesspeople and Leaders in Information Technologies. / FELTI – 2015.
Fórum de Empresários e Líderes nas Tecnologias da Informação.
",18-may.,23-may.,La Habana,Complejo de Investigaciones Tecnológicas  CUJAE  ,Gaviota Tours,"René E. Hidalgo Font 



",(537) 2141247 ,,rene.hidalgo@datys .cu,www.felti.org
CUBADISCO 2015.                                                     Feria Internacional  / International Fair / CUBADISCO 2015. Feira Internacional CUBADISCO 2015.,18-may.,26-may.,La Habana,"Teatros Nacional, Karl Marx, Sala Avenida y Casa del Alba.",Paradiso,"Gloria Ochoa de Zabalegui Aguilera.



",(537) 832 87 60                  ,,"cubadisco@icm.cu, gloria@icm.cu  ",www.cubadisco.soycubano.com 
XIII Encuentro Sobre Manejo y Gestión de Centros Históricos / 13th Meeting on Management of Historic Centers,19-may.,22-may.,La Habana,Antiguo Convento de San Fransisco de Asis,San Cristóbal,"Dra. Arq. Patricia Rodríguez Alomá         
",(537)860317,,patricia@planmaestro.ohc.cu,
Convención sobre el Desarrollo del Comercio y los Servicios / Convention on the Development of Trade and Services / Convenção Desenvolvimento do Comércio e os Serviços,20-may.,22-may.,La Habana,Palacio de Convenciones  ,Cubatur,Mirelys González Batista                        Iris Pérez López                            ,"(537) 870 0017, 862 5238  ",,comercio2015@mincin.cu,
X Conferencia Internacional de Derecho e Informática de La Habana / 10th International Conference on Law and Computer Science of Havana / 10ª Conferência Internacional de Direito e Informática de Havana,20-may.,22-may.,La Habana,Memorial José Martí                  ,Havanatur,"Migdalia Velázquez Pérez
                                  

 
",(537) 832 9680,(537) 833 3382,migdalia@unjc.co.cu , www.unjc.co.cu
Bienal de la Habana / Havana Biennial / Bienal de Havana,22-may.,22-jun.,La Habana,La Habana,Paradiso,"Rubén del Valle Lantarón. 



 
",(537) 209 6569                 ,(537) 204 2744                        ," presidencia@cnap.cult.cu,   bienalhabana@wlam.cult.cu",www.bienaldelahabana.cu;
"Cuba Alergia 2015. IV Encuentro Iberoamericano y VIII Congreso Nacional de Alergia. / 4th Iberian-American Meeting and 8th National Congress on Allergy. / 4º Encontro Ibero-Americano e 8º Congresso Nacional de Alergia, Cuba Alergia 2015",25-May,27-May,La Habana,Hotel Palco     ,Viajes Cubanacan,Dra. Mirta Álvarez Castelló.            ,"(537) 698 4213, 838 8296",,mirtaac@infomed.sld.cu,
"CIER 2015. VIII Conferencia Internacional de Energía Renovable , Ahorro de Energía y Educación Energética. / 8th International Conference on Renewable Energy, Energy Saving and Energy Education  / CIER 2015. 8ª Conferência Internacional de Energia Renovável, Poupança de Energia e Educação Energética ",25-may.,28-may.,La Habana,Palacio de Convenciones   ,Havanatur,Dra. Tania Carbonell Morales.        ,"(537) 266 3754, 266 3637      ",(537) 267 2964,"tania@ceter.cujae.edu.cu, cier@ceter.cujae.edu.cu ",
VI Encuentro Internacional de Arroz.II Simposio de Granos. / 6th International Rice Meeting. 2nd Grains Symposium / 6º Encontro Internacional de Arroz.  2º Simpósio de Grãos,25-may.,29-may.,La Habana,Palacio de Convenciones ,Havanatur,Telce A. González Morera                                                                   ,"(53 47) 373260, 373550",  (537) 881 6177,direccion@iiarroz.cu,www.arroz-habana-cuba.com
VII Congreso Internacional de Trabajo Social. IX Congreso Nacional de Trabajadores Sociales de la Salud. III Congreso Nacional e Internacional de Rehabilitación  Social y Ocupacional. / 7th International Congress of Social Work. 9th National Congress of Health Social Workers.  3rd National and International Congress on Social and Occupational Rehabilitation. / 7º Congresso Internacional de Trabalho Social. 9º Congresso Nacional de Assistentes Sociais na Saúde. 3º Congresso Nacional e Internacional de Reabilitação Social e Ocupacional.,25-May,30-May,La Habana,Hotel Nacional de Cuba                 ,Cubatur,Lic. Odalys  González Jubán                               ,"(537) 214 4647, 205 6485",(535) 361 3094,,
"65 Torneo Internacional de la Pesca dela Aguja ""Ernest Hemingway"". / Ernest Hemingway International Fishing Tournament. Edition 65 / Torneio Internacional de Pesca Ernest Hemingway. 65ª Edição",25-may.,30-may.,La Habana,Residencial Marinas Hemingway,Ecotur,"Residencial Marina Hemingway         MsC. Franklin Marín Milanés                                                          
      ","(537) 204 5280, (537) 273 7912",,"dircomercial@prto.mh.tur.cu, rpublica@marlin.tur.cu, ecotur@hab.ecotur.tur.cu, esp.comercial1@hab.ecotur.tur.cu",www.nauticamarlin.com
"IX Taller Internacional “Innovación Educativa-Siglo XXI” (InnoEd’2015) / 9th “Educational Innovation-21st Century” International Workshop (InnoEd’2015)   / 9º Workshop Internacional “Inovação Educativa – Século XXI”
(InnoEd 2015)      
                    ",26-may.,29-may.,Las Tunas,Universidad de Las Tunas,Viajes Cubanacan,DrC. Juan José Fonseca Pérez                ,(53 31) 349901,,jjfonseca@ult.edu.cu  ,cedut.freeservers.com
Taller Internacional de Vacunas alergénicas y adyuvantes 2015. / International Workshop on Allergy and Related Vaccines 2015,28-may.,2-jun.,La Habana,Hotel Iberostar Parque Central,,"Hermes Fundora Hernández 




",,,hermes.fundora@infomed.sld.cu,www.promociondeeventos.sld.cu/vacunasalergia2015/
ALLERGEN 2015  / Evento ALLERGEN 2015,31-may.,2-jun.,La Habana,Hotel Iberostar Parque Central,Gaviota Tours,Dr. Oliver Pérez             Lisbet Betancourt García                              ,"869-5773, 8695774     ",,"oliver.perez@infomed.sld.cu, director.promocion@gaviota.cu",
XIII Congreso Latinoamericano de Extensión Universitaria. / 13th Latin American Congress of University Extension / 13º Congresso Latino-Americano de Extensão Universitária,1-jun.,4-jun.,La Habana,Palacio de Convenciones,Havanatur,José Balsinde Herrera                            Gil Ramón González González.     ,"(537) 838 2356, 835 7306 ",,"balsinde@mes.gob.cu, gilramon@mes.gob.cu     ",
"SUELOS 2015
50 Aniversario del Instituto de Suelos. 30 Aniversario de la Sociedad Cubana de la Ciencia del Suelo / Congress on 30th Anniversary of the Cuban Society of Soil Science and 50th Anniversary of the Soils Institute / SOLOS 2015
50º Aniversário do Instituto de Solos. 30º Aniversário da Sociedade Cubana da Ciência do Solo

",2-jun.,5-jun.,La Habana,Palacio de Convenciones,Havanatur,"Olegario Muñiz Ugarte
                                                  

","(537) 645 1399, 6451788",,"director@isuelos.co.cu, sccsmuniz@ceniai.inf.cu",
VI Conferencia Internacional Ciencia y Tecnología por un Desarrollo Sostenible. / 6th Science and Technology for Sustainable Development International Conference / 6ª Conferência Internacional Ciência e Tecnologia pelo Desenvolvimento Sustentável,3-jun.,5-jun.,Camagüey,Universidad de Camagüey,Cubatur,Dr. Pablo Galindo                                MsC. Annelis Avalos. ,,,"pablo.galindo@reduc.edu.cu, annelis.avalos@reduc.edu.cu ",
Feria Expoagua 2015. XII Congreso Internacional de Ingeniería Hidráulica. VIII Seminario Internacional de Uso Integral del Agua.  / 12th International Congress of Hydraulic Engineering. 8th International Seminar on Integral Use of Water. / 12º Congresso Internacional de Engenharia Hídrica. 8º Seminário Internacional do Uso Integral da Água. Feira ExpoÁgua 2015,8-jun.,12-jun.,La Habana,Palacio de Convenciones ,Havanatur,"Ing. Amneris Carrera Rodríguez     




",(537) 836 5571 al 79  Ext 212,(537) 836 3896,"amneris@hidro.cu, internacionales@unaicc.co.cu"," www.congresohidraulicacuba.com,   www.unaicc.cu  "
XXVIII Reunión del Comité Latinoamericano de Consulta Registral. / 28th Meeting of the Latin American Committee of Registry Consultation / 28ª Reunião do Comitê Latino-Americano de Consulta de Registro ,8-jun.,12-jun.,La Habana,La Habana ,Havanatur,Caridad Sagó                                                                     ,(537) 201 9780,,sago@havanatur.cu  ,
"MARDELTUR.  I Congreso Internacional de Marketing, Desarrollo Local y Turismo / MARDELTUR. 1st International Congress on Marketing, Local Development and Tourism / MARDELTUR
1º Congresso Internacional de Marketing, Desenvolvimento Local e Turismo 
",9-jun.,11-jun.,Pinar del Río,Universidad de Pinar del Río,Havanatur,DraC. Deysi Alfonso Porraspita                                                  ,(53-48) 779361      ,,lidice@eco.upr.edu.cu      ,www.upr.edu.cu
Congreso de Ventilación Mecánica para Expertos de las Islas / Congress of Mechanical Ventilation for Experts of the Islands.  / Congresso de Ventilação Mecânica para Especialistas das Ilhas,9-Jun,12-Jun,La Habana,Palacio de Convenciones,Viajes Cubanacan,"MSc. Lic. Elier Carrera González             Dr. Pedro Luis Véliz Martínez            
",(537) 830 9911,,"siumweb@infomed.sld.cu, urgrav@infomed.sld.cu, www.ventilacionmecanica2015.sld.cu
",
"SICAMAT 2015.   I Taller Internacional Universidad Médica  y Social. / 1st Medical and Social University International Workshop. / SICAMAT 2015.
1ª Oficina Internacional Universidade Médica e Social
",9-Jun,12-Jun,Matanzas,Centro de Convenciones Plaza América. Varadero,Havanatur,Dra. Regla Ponce de León Narváez ,(53 45) 269592; 266414 ext.113            ,,reglap.mtz@infomed.sld.cu,
 IMASUB. Concurso de Fotografía Subacuática. / Underwater Photographic Contest / IMASUB. Concurso de Fotografia Subaquática,9-Jun,12-Jun,Pinar del Río,Centro internacional de Buceo María la Gorda,Gaviota Tours,Lisbet Betancourt García                        ,"869-5773, 8695774          ",,director.promocion@gaviota.cu,
Simposio Tecnologías del Agua. / Symposium on Water Technologies / Simpósio Tecnologias da Água,9-jun.,12-jun.,La Habana,Palacio de Convenciones ,Havanatur,"Gisel Pérez Wong

 

",(537)8346570                                               ,,gisel@hidro.cu,www.hidro.cu
VII Escuela de Verano de La Habana  sobre Derecho Internacional Público. IX Seminario Taller sobre Derecho Internacional Humanitario. / 7th Summer School of Havana on Public International Law. 9th Seminar Workshop on Humanitarian International Law. / 7ª Escola de Verão de Havana sobre Direito Público Internacional. 9º Seminário-Oficina sobre Direito Internacional Humanitário,9-jun.,13-jun.,La Habana,Hotel Nacional de Cuba,Cubatur,"Migdalia Velázquez Pérez



",(537) 832 9680                                                   ,(537) 833 3382,migdalia@unjc.co.cu , www.unjc.co.cu 
"VARAPLAYA 2015.   V Simposio International de Gestión Integrada de zonas Costeras / 5th Symposium on Integrated Management of Coastal Areas  / VARAPLAYA 2015
5º Simpósio Internacional de Gestão Integrada de zonas costeiras
",10-jun.,12-jun.,Matanzas,Centro de Servicios Ambientales ,Viajes Cubanacan,MsC. Oscar Luis García Martínez   ,"(53 45) 244095, 662939  ",,"ofiplaya@enet.cu, angelambiente@delegaci.atenas.inf.cu",
V Simposio Internacional “La Obra Humana del Che” / 5th International Symposium on “Che’s Human Work” / 5º Simpósio Internacional “A Obra Humana do Che”,10-jun.,12-jun.,Villa Clara ,"Hotel “Los Caneyes”, Santa Clara",Gaviota Tours,Dra. Maylín Suárez González                 Dr. Roberto Muñoz González                Dr. Ricardo A. Hernández                   ,(53 42) 281272,,"rmunoz@uclv.edu.cu, eventos.fce.uclv.edu.cu",
"Congreso Inernacional en Farmacologia y Vacunas  / Inmunopharmacologie Vaccine Pharma 2015 / Convenção Internacional INMUNOPHARMACOLOGY – VACCIPHARMA 2015
",14-Jun,16-Jun,Matanzas.,Hotel Meliá Marina Varadero  ,Viajes Cubanacan,Dr. Mario Landys Chovel Cuervo          ,(537) 271 8177; 271-8221 ext.156 y 120                                                         ,(537) 208 6570,mlandys@finlay.edu.cu,
"FORMA 2015.  Congreso Internacional de Diseño de La Habana. / Havana International Congress of Design. / FORMA 2015
Congresso Internacional de Design de Havana 
",16-jun.,18-jun.,La Habana,Palacio de Convenciones,Viajes Cubanacan,MsC. Sergio Luis Peña Martínez.                     ,(537) 874 5102,,rector@isdi.co.cu ,www.formahabana.com
"CIE-2015.  XVI Convención de Ingeniería Eléctrica. / 16th Convention of Electric Engineering. / CIE – 2015 16ª Convenção de Engenharia Elétrica
",16-jun.,19-jun.,Villa Clara ,Hotel Starfish Cayo Santa María,Gaviota Tours,Dr. Juan Pablo Barrios Rodríguez           ,(537) 281 322; 281 055,,barrios@uclv.edu.cu,
"V taller Internacional ""La enseñanza de las disciplinas humanísticas"" y II Seminario Científico ""La enseñanza artística en el Siglo XXI"" / 5th ""The teaching of humanistic practices” International Workshop and 2nd ""Artistic teaching in the 21st Century"" Scientific Seminar / 5º workshop internacional “O ensino das disciplinas humanísticas e 2º Seminário Científico “O ensino artístico no Século XXI”",16-jun.,20-jun.,Matanzas,"Hotel Acuazul, Varadero",Cubatur,Dr.C. Bárbara Fierro Chong               ,(53 45) 291503,,bfierro@ucp.ma.rimed.cu     ,
IMAGENOLOGÍA 2015. IV Congreso Cubano  / 4th Cuban Congress / 4º Congresso Cubano IMAGENOLOGIA 2015,17-Jun,19-Jun,La Habana,Hotel Nacional de Cuba,Viajes Cubanacan,Prof. Orlando Valls Pérez                  ,(537) 876 1205,,valls@infomed.sld.cu,
Coloquio Internacional Ernest Hemingway. 15 Edición. / Ernest Hemingway International Colloquium. 15th Edition. / Colóquio Internacional Ernest Hemingway. 15ª Edição,18-jun.,21-jun.,La Habana,"Museo Hemingway, Finca Vigía",Paradiso,"Ada Rosa Alfonso Rosales


","(537) 6920176, 6920171",(537) 6938090, mushem@cubarte.cult.cu,www.cnpc.cult.cu 
"FIMAT XXI. Taller Internacional de la enseñanza y el aprendizaje de la Matemática, la Informática, la Física, las Ciencias Naturales y Técnicas en el Siglo XXI / International Workshop on the teaching and learning of Mathematics, Computer Science, Physics, Natural and Technical Sciences in the 21st Century.  / FIMAT 21
Workshop Internacional sobre ensino e aprendizado da matemática, informática, física, ciências naturais e técnicas no século 21
",19-jun.,20-jun.,Holguín,"UCP ""José de la Luz y Caballero""",Cubatur,Dr.C. Amaury Castañeda Suárez   ,(53 24) 482145,,vripg@ucp.ho.rimed.cu,
CNIC 2015. 16 Congreso Científico Internacional del Centro Nacional de Investigaciones Científicas / 16th International Scientific Congress of the National Center for Scientific Research / CNIC 2015. 16º Congresso Científico Internacional do Centro Nacional de Pesquisas Científicas,22-jun.,26-jun.,La Habana,Palacio de Convenciones,Havanatur,Ricardo Arencibia Jorge                 ,(537) 208 5243                       ,(537) 208 0497 ,"congreso2015@cnic.edu.cu, ricardo.arencibia@cnic.edu.cu ",
"SEADIM. X Seminarios de Estudios Avanzados en Diseño Molecular y Bioinformática. / 10th Seminar of Advanced Studies on Molecular Design and Bioinformatics / SEADIM. 10ºs Seminários de Estudos Avançados no Desenho Molecular e Bioinformática 
",24-jun.,28-jun.,Matanzas,Hotel Blau Marina Varadero ,Gaviota Tours,Dr. Luis Alberto Montero Cabrera      ,,,lmc@fq.uh.cu,
"Coloquio de historiadores ""Desafíos actuales de la historiografía"" / ""Current challenges of historiography” Colloquium of Historians / Colóquio de historiadores “Desafios atuais da historiografia”",25-jun.,27-jun.,La Habana,Colegio Universitario San Gerónimo ,Paradiso,"Dr. Roberto Pérez Rivero
      

",(537) 862 2596,,"historiadores@cubarte.cult.cu, www.historiadores.cult.cu ",
Conferencia Internacional Ciencia de Materiales en la Era de la Sostenibilidad. 2015: Año Internacional de la Luz / International Conference on Science of Materials in the Age of Sustainability. 2015: International Year of Light / Conferência Internacional Ciência de Materiais na Era da Sustentabilidade 2015: Ano Internacional da Luz,29-jun.,1-jul.,La Habana,Colegio Universitario San Gerónimo ,Cubatur,Dra. Nancy Martínez Alfonso          ,"(537) 870 5707, 870 7666 ",,nancy@imre.oc.uh.cu,
XIV Escuela de Verano de La Habana 2015 sobre Derecho Internacional Privado y Mercantil Internacional. / 14th Summer School of Havana 2015 on Private International and Mercantile International Law / 14ª Escola de Verão de Havana 2015 sobre Direito Internacional Privado e Mercantil Internacional,29-jun.,3-jul.,La Habana,Hotel Nacional de Cuba,Viajes Cubanacan,"Migdalia Velázquez Pérez



",(537) 832 9680,(537) 833 3382,migdalia@unjc.co.cu , www.unjc.co.cu 
"COMUR’2015. X Taller Internacional de Desarrollo Comunitario y Rural. /  10th International Workshop on Community and Rural Development. / COMUR 2015. 10ª Oficina Internacional de Desenvolvimento Comunitário e Rural
",30-jun.,3-jul.,Las Tunas,Universidad de Las Tunas,Viajes Cubanacan,Dra.C. Clara Guzmán Góngora          Dr.C Juan Ricardo Botello                                                               ,(53 34) 8014 ext 194,(53 34) 6501,"cguzman@ult.edu.cu, jbotello@ult.edu.cu",www.ult.edu.cu
Festival del Caribe. XXXV Edición / Caribbean Festival. 35th Edition / Festival do Caribe. 35ª Edição,3-jul.,9-jul.,Santiago de Cuba,Santiago de Cuba,Paradiso,"Orlando Vergés Martínez 



","(53) (22) 643609; 668668, 668667",,caribe@cultstgo.cult.cu     ,www.casadelcaribe.cultstgo.cu 
"COLAMA 2015. II Congreso Latinoamericano de Métodos  Alternativos. /  2nd Latin American Congress of Alternative Methods / COLAMA2015
2º Congresso Latino-Americano de Métodos Alternativos
",5-Jul,9-Jul,Matanzas,Hotel Iberostar Varadero,Viajes Cubanacan,Dr. Mario Landys Chovel Cuervo                                                           ,"(537) 271 8177, 271-8221 ext.156 y 120                                                        ",(537) 208 6570            ,"mlandys@finlay.edu.cu, eventosfarmacologia@finlay.edu.cu          ",
XI Escuela de Verano de La Habana 2015 sobre Temas Penales Contemporáneos y XI Congreso Internacional de la Sociedad Cubana de Ciencias Penales. / 11th Summer School of Havana 2015 on Contemporary Penal Subjects and 11th International Congress of the Cuban Society of Penal Sciences. / 11ª Escola de Verão de Havana 2015 sobre Temas Penais Contemporâneos e 11º Congresso Internacional da Sociedade Cubana de Ciências Penais ,6-jul.,10-jul.,La Habana,Hotel Nacional de Cuba,Viajes Cubanacan,"Dra.. Mayda Goite Pierre                 Migdalia Velázquez Pérez



",(537) 832 9680                                                   ,(537) 833 3382,"mayda@@lex.uh.cu, migdalia@unjc.co.cu ", www.unjc.co.cu 
 X Convención Internacional sobre Medio Ambiente y Desarrollo / 10th International Convention on Environment and Development / 10ª Convenção Internacional sobre Meio Ambiente e Desenvolvimento,6-jul.,10-jul.,La Habana,Palacio de Convenciones,Viajes Cubanacan,"Dra. Gisela Alonso Domínguez          MSc. Sonia Orúe
                                              

","(537) 202 8242, 2025549 ",(537) 204 0852,"convencion@ama.cu, gisel@ama.cu, sonia@ama.cu",www.cubambiente.com
III Encuentro de Ciencias Farmacéuticas y Alimentarias 2015 / 3rd Meeting of Pharmaceutical and Food Sciences 2015 / 3º Encontro de Ciências Farmacêuticas e Alimentares 2015,7-jul.,8-jul.,La Habana,IFAL. Instituto de Farmacia y Alimentos,Cubatur,Dr. Juan Abreu Payrol                                ,(537) 202 0930          ,,direccion.ifal@infomed.sld.cu,www.ecfa.uh.cu
UG 2015.  III Seminario Científico Internacional.  / 3rd International Scientific Seminar.  / UG 2015   3º Seminário Científico Internacional ,25-jul.,27-jul.,Guantánamo ,Hotel Guantánamo ,Havanatur,Dra. C. Milagros Sagó Montoya.         MsC. Besie Braun Correa.                   Dr. Alberto Pérez Pérez.                      Ing. Katerine Aladro                   ,"(53-21) 321285, 326486",,"msago@cug.co.cu, bbc@cug.co.cu, aperezperez@fam.cug.co.cu, kathy@cug.co.cu",
"Concurso de Fotografía ""Naturaleza Digital"" / ""Naturaleza Digital"" (Digital Nature) Photograph Contest / Concurso de Fotografias “Natureza Digital”",11-sep.,21-sep.,Sancti Spíritus,Topes de Collantes ,Gaviota Tours,Lisbet Betancourt García   ,,,director.promocion@gaviota.cu,
HABANARTE 2015 / HAVANARTE 2015,11-sep.,21-sep.,La Habana,Instituciones Culturales ,Paradiso,"VM Fernando Rojas



",(537) 838 2282,(537) 833 2941,"fernandor@min.cult.cu, clarita@min.cult.cu",www.cubarte.cult.cu
"ACUACUBA 2015.   V Simposio Internacional de Acuicultura. / 5th International Symposium of Aquiculture. / ACUACUBA 2015
5º Simpósio Internacional de Aquicultura  
",15-sep.,18-sep.,La Habana,Complejo Hotelero Vedado-Saint John's,Cubatur,Lic. Mirta Vinjoy Campa                                      ,"(537) 682 2275, 682 9576 ",," mirta@edta.alinet.cu, mvinjoy@alinet.cu",
"VII Congreso Cubano de Educación, Orientación y Terapia Sexual / 7th Cuban Congress on Sex Education, Orientation and Therapy / 7º Congresso Cubano de Educação, Orientação e Terapia Sexual",16-Sep,18-Sep,La Habana,Palacio de Convenciones,Havanatur,MsC. Mariela Castro Espin                                            E mail : ,"(537) 838 3868, 682 2275, 682 9576  ",,"sexologiacuba2015@gmail.com, mirta@edta.alinet.cu, mvinjoy@alinet.cu",
" CUBALAV 2015.   Encuentro Internacional de Lavandería Industrial, Tintorería e Higienización Integral. / International Meeting of Industrial Laundry, Dry Cleaning and Integral Cleaning. / CUBALAV 2015. Encontro Internacional de Lavanderia Industrial, Lavanderia e Higienização Integral  
",17-sep.,19-sep.,Matanzas,"Centro de Convenciones Plaza América, Varadero",Viajes Cubanacan,"Martha Díaz Sánchez
     


",(537) 208 2715 Ext. 154,,marta@servisa.tur.cu,www.servisa.co.cu
FAPRONATURA 2015. IV Simposio Internacional sobre Farmacología de Productos  Naturales. / 4th International Symposium on Pharmacology of Natural Products. / FAPRONATURA 2015. 4º Simpósio Internacional sobre Farmacologia de Produtos Naturais. FAPRONATURA 2015  ,20-Sep,25-Sep,Sancti Spiritus,Topes de Collantes,Gaviota Tours,Dr.C. René Delgado Hernández.       ,"(537) 881 1944 ext. 111y 146 ,271-1381",,rdelgado@infomed.sld.cu,
XXVI Congreso Internacional y Cubano de Ortopedia y Traumatología / 26th International and Cuban Congress of Orthopedics and Traumatology / 26º Congresso Internacional e Cubano de Ortopedia e Traumatologia,21-Sep,26-Sep,Camagüey,Camagüey,Cubatur,DrCs. Rodrigo Álvarez Cambras    ,"(537) 271 8646, 260 3361               ",(537) 272 5614  ,cambras@fpais.sld.cu,
TURNAT 2015 / TURNAT 2015,22-sep.,27-sep.,Artemisa,Soroa,Ecotur,Emma Rosa Fonseca                 ,(537) 273 1542 al 47 Ext.106   ,, dir.comercial@hab.ecotur.tur.cu,
"TECNICRIM IX Simposio de la Técnica Criminalística. II Jornada de Identificación Biométrica / 9th Symposium of Criminalistics Technique. 2nd Meeting of Biometric Identification  / TECNICRIM
9º Simpósio da Técnica Criminalística. 2ª Jornada de Identificação Biométrica 
",23-sep.,25-sep.,La Habana,Palacio de Convenciones,Havanatur,Dr. José Angel Posada                    ,(537) 643 7475,,investcrim@mn.mn.co.cu,
"Taller Internacional ""Puentes Patrimoniales y el Desarrollo Urbano"" / ""Heritage Bridges and Urban Development"" International Workshop / Workshop Internacional “Pontes Patrimoniais e o Desenvolvimento Urbano”",24-sep.,26-sep.,Matanzas,"Centro de Convenciones Plaza América, Varadero",Havanatur,"Dr. Luis Roberto González Arestuche 

","(53 45) 294423, 291802, 291824 Ext. 204 ",," presidencia@mtz.unaicc.cu, luis-gonzalez@empai.co.cu",
Convención Internacional de Agrimensura 2015 / International Convention of Surveying 2015 / Convenção Internacional de Agrimensura 2015.,24-sep.,27-sep.,La Habana,Hotel Habana Libre,Viajes Cubanacan,"Jorge Luis Martín Chiroldes     
                                                    
      
",(537) 874 5162 ,,chiroldes@isdi.co.cu,
MINEMETAL 2015 / MINEMETAL 2015,28-sep.,30-sep.,La Habana,Palacio de las Convenciones ,Viajes Cubanacan,"Organizadora Profesional de Congresos: 
Lic. Alicia García González


","(537) 208 5199, 202 6011 al 19, ext. 1510",,aliciagarcia@palco.cu,
"Conferencia Internacional Economía Crítica, Integración y Desarrollo / International Conference on Critical Economy, Integration and Development / Conferência Internacional Economia Crítica, Integração e Desenvolvimento",5-oct.,7-oct.,Villa Clara ,Hotel Starfish Cayo Santa María,,Dr.C. Maylin Suárez González               Dr.C. Zulma Donelly Ramírez Cruz       ,(53 42) 281272     ,,zulmadrc@uclv.edu.cu ,eventos.fce.uclv.edu.cu
" REHABILITACIÓN 2015 VII Congreso de la Sociedad  Cubana de Medicina Física y Rehabilitación. IV Encuentro Internacional  de Gestión de la Información  e Investigación en Rehabilitación. / 7th Congress of the Cuban Society of Physical Medicine and Rehabilitation. 4th International Meeting on Management of Information and Research in Rehabilitation. / REABILITAÇÃO 2015
7º Congresso da Sociedade Cubana de Medicina Física e Reabilitação. 4º Encontro Internacional de Gestão da Informação e Pesquisa na Reabilitação.
",5-Oct,9-Oct,La Habana,Hotel Habana Libre,Cubatur,Dr.C. Jorge Luis González  Roig          ,(537) 646 8646,,roig@infomed.sld.cu,
"ENFERMERIA 2015. XIV Congreso de FEPPEN. / 14th Congress of FEPPEN. / ENFERMAGEM 2015
14º Congresso de FEPPEN.
",5-Oct,9-Oct,La Habana,Palacio de Convenciones ,Havanatur,MsC. Idalmis G. Infante Ochoa            ,"(537) 832 3614, 833 3282",,socueben@infomed.sld.cu,
"Torneo de Pesca ""Jardines del Rey Big Game Trolling"" / Fishing Tournament / Jardines del Rey Big Game Trolling",5-oct.,10-oct.,Ciego de Ávila,Marina Turística de Cayo Guillermo,Ecotur,"Javier Perez Morales



","(53 33) 301581, 301515, 301516,301527                                                  ",,comercial@cco.marlin.tur.cu,www.nauticamarlin.com
CARDIOVILLA 2015 / CARDIOVILLA 2015,8-Oct,10-Oct,Villa Clara,"Hotel Iberostar, Cayo Santa María",Viajes Cubanacan,Dr. MSc. Jesús A. Satorre Ygualada.   ,(43 42) 279197  ,,chucho@cardiovc.sld.cu,
I Coloquio Cuba-Brasil sobre Métodos Alternos de Resolución de Conflictos. / 1st Cuba-Brazil Colloquium on Alternative Methods of Resolution of Conflicts / 1º Colóquio Cuba-Brasil sobre Métodos Alternativos para a Resolução de Conflitos.,12-oct.,13-oct.,La Habana,Hotel Nacional de Cuba,Viajes Cubanacan,"Migdalia Velázquez Pérez
                                                  


",(537) 832 9680 ,(537) 833 3382,migdalia@unjc.co.cu , www.unjc.co.cu 
"Simposio Internacional ""La Revolución Cubana: Génesis y Desarrollo Histórico"" / ""The Cuban Revolution: Genesis and Historic Development"" International Symposium / Simpósio Internacional “A Revolução Cubana: Gênese e Desenvolvimento Histórico”.",13-oct.,15-oct.,La Habana,Palacio de Convenciones,Havanatur,René González Barrios                ,(537) 862 3103                ,,presidente@ihc.cu,
"QUIMICUBA 2015. IX Congreso Ciencias, Tecnología e Innovación Química. / 9th International Congress of Chemistry, Chemical Engineering and Biochemistry. / QUIMICUBA 2015. 9º Congresso Internacional de Química, Engenharia Química e Bioquímica.",13-oct.,16-oct.,La Habana,Palacio de Convenciones,Havanatur,"Luis Alberto Montero Cabrera
                                             
            
",(537) 878 1263        ,,"lmc@fq.uh.cu, karin@fq.uh.cu",karin.fq.uh.cu
"DIVERSIFICACIÓN 2015.Congreso Internacional de Azúcar y Derivados. / International Congress on Sugar and Derivatives. / DIVERSIFICAÇÃO 2015
Congresso Internacional de Açúcar e Derivados.
",13-oct.,17-oct.,La Habana,Hotel Nacional de Cuba,Havanatur,Luis O. Gálvez                                   ,(537) 696 7006    ,,luis.galvez@icidca.edu.cu,www.icidca.cu
"TECNOGEST 2015 XIV  Encuentro Nacional de Gestión del Conocimiento y Empresas de Alto Desempeño. / 14th National Meeting on Management of Knowledge and High Performance Enterprises. / TECNOGEST 2015
14º Encontro Nacional de Gestão do Conhecimento e Empresas de Elevado Desempenho.
",14-oct.,16-oct.,La Habana,Hotel Habana Libre,Cubatur,"MsC. Librada Taylor Martínez
Néstor G. del Prado Arza
  

","(537) 202 7920, 203 0160, 203 2491  ",(537) 204 9664,"litaylor@gecyt.cu, nestor@gecyt.cu  ",
X Encuentro Internacional: Comercio  Exterior e Inversión Extranjera. / 10th International Meeting: Foreign Trade and Investment / 10º Encontro Internacional: Comércio Exterior e Investimento Estrangeiro.,14-oct.,16-oct.,La Habana,Hotel Nacional de Cuba,Viajes Cubanacan,"Migdalia Velázquez Pérez

 ",(537) 832 9680,(537) 833 3382,migdalia@unjc.co.cu ,www.unjc.co.cu 
"SALUCENTRO 2015. Encuentro Cuba Argentina de Salud Pública. / Cuba-Argentina Meeting of Public Health. / SALUCENTRO 2015. Encontro Cuba – Argentina de Saúde Pública.
",15-Oct,18-Oct,Villa Clara,Centro de Convenciones Bolívar. Universidad de Ciencias Médicas,Viajes Cubanacan,Dr.C. José Ramón Ruíz Hernández. ,(53 42) 22-2850  ,,jrruiz@capiro.vcl.sld.cu,
VI Taller Internacional Innovación y Liderazgo en las Organizaciones / 6th Innovation and Leadership in Organizations International Workshop/ 6º Workshop Internacional Inovação e Liderança nas Organizações,16-oct.,18-oct.,La Habana,"Hotel Acuario, Marina Hemingway",Cubatur,"María Isabel Domínguez García
                                                     


","(537) 830 1451, 830 6674",,"midominguez@ceniai.inf.cu, innovacionyliderazgo@cips.cu",www.cips.cu
PSIQUIATRIA 2015. Congreso de la Sociedad Cubana de Psiquiatría  / Congress of the Cuban Society of Psychiatry / PSIQUIATRIA 2015,19-Oct,22-Oct,La Habana,Palacio de Convenciones,Havanatur,Dra. Miriam de la Osa O'Reilly                   ,"(537) 203 2505, 876 1575",,miriam.delaosa@infomed.sld.cu,
V Jornada de Ingeniería Civil. / 5th Meeting of Civil Engineering / 5ª Jornada de Engenharia Civil,19-oct.,22-oct.,Santiago de Cuba,Hotel Meliá Santiago ,Havanatur,"MsC Ing Jorge Enrique Gómez Puig                                    
MsC Ing Camilo Velar Gutierrez
                                                     


",(53 22) 652937,,"milo@emproy15.co.cu, jorge@scu.transnet.cu, kyra@fco.uo.edu.cu", www.unaicc.cu 
 II Congreso Internacional sobre Gestión Económica para el Desarrollo. / 2nd International Congress on Economic Management for Development. / 2º Congresso Internacional sobre Gestão Econômica para o Desenvolvimento,19-oct.,23-oct.,La Habana,Palacio de Convenciones,Cubatur,"Miladys Tasé




","(537) 204 5309, 209 2084, 209 3303",(537) 202 3456,"presidente@anec.co.cu, secretaria_presidencia@anec.co.cu",www.anec.cu
"III Simposio Internacional de Raíces, Rizomas, Tubérculos Tropicales, Plátanos, Bananos y Papaya. / 3rd International Symposium on Roots, Rhizomes, Tropical Tubers, Plantains, Bananas and Papaya. / 3º Simpósio Internacional de Raízes, Rizomas, Tubérculos Tropicais, Banana e Mamão.",20-oct.,23-oct.,Villa Clara,Cayo Santa María,,"Dr.C. Luis Ruiz Martínez                  Dra.C. Lilián Morales Romero          


","(53 42) 403102, 403103, 403105",,"simposio@inivit.cu, relinter@inivit.cu",www.inivit.villaclara.cu/evento/index.html   
"IX Taller Internacional ""La Educación Ambiental para el Desarrollo Sostenible. Materias curriculares y proyectos de aprendizaje al servicio de la educación para la salud”. / 9th International Workshop ""Environmental Education for Sustainable Development. Curricular Subjects and learning projects at the service of education for health” / 9ª Oficina Internacional “A Educação Ambiental para o Desenvolvimento Sustentável. Matérias curriculares e projetos de aprendizado a serviço da educação para a saúde”.",20-oct.,24-oct.,Matanzas,"Hotel Acuazul, Varadero",Cubatur,Dr.C. Marisel Hernández Fuentes.       Dr.C. Amado Hernández Barrenechea  ,(53 45) 291503     ,,"mariselhf@yahoo.es, amaherbar@gmail.com ",
"JIMEI 2015. II Jornada Internacional de las Ingenierías Mecánica, Eléctrica, Industrial y Ramas Afines. / 2nd International Meeting of Mechanical, Electrical, Industrial and Related Engineering / 2ª Jornada Internacional das Engenharias Mecânica, Elétrica, Industrial e Ramos Afins  JIMEI 2015",21-oct.,23-oct.,La Habana,Hotel Tryp Habana Libre,Havanatur,"MSc.Ing. Rosa Cecilia Calzado Brossard
   

 
",(537)836 3343,, presidencia@unaicc.cu,www.unaicc.cu
Fiesta de la Cultura Iberoamericana / Fiesta of Iberian-American Culture / Festa da Cultura Ibero-Americana,23-oct.,30-oct.,Holguín, Holguín,Paradiso,"Eduardo Rafael Avila Rumayor 




",(53 24) 421673,(53 24) 467862,earumayor@baibrama.cult.cu        ,www.baibrama.cult.cu  
Festival de Teatro de La Habana / Havana Theater Festival / Festival de Teatro de Havana,23-oct.,1-nov.,La Habana,La Habana,Paradiso,"Gisela González Cerdeira



",(537) 830 4126,,presidencia@cubaescena.cult.cu,www.cubaescena.cult.cu 
"Cuba TV 2015.Convención de Radio y Televisión. / Radio and Television Convention. / Convenção de Rádio e Televisão, Cuba 2015",26-oct.,30-oct.,La Habana,Palacio de Convenciones,Viajes Cubanacan,"Omar Olazábal Rodríguez          Guillermo Pavón Pacheco
                              


",(537) 839 2322 ,,rtvfestival@tvc.icrt.cu,www.rtvfestival.icrt.cu 
"V Simposio de Bioinformática y OMICS, 2015 / 5th Symposium on Biocomputing and OMICS, 2015 / 5º Simpósio de Bioinformática e OMICS, 2015",27-oct.,30-oct.,Matanzas,Hotel Memories Varadero,Havanatur,Gerardo Enrique Guillén Nieto          ,(537) 250 4495                          ,(537) 250 4494,gerardo.guillen@cigb.edu.cu  ,
"Congreso Internacional de Lectura 2015. / International Congress on Reading 2015.   / Congresso Internacional de Leitura 2015
",27-oct.,31-oct.,La Habana,Hotel Habana Libre,Paradiso,"Emilia Gallego Alfonso. 
          

","(537) 831 8702, 831 8738",,emyga@cubarte.cult.cu ,
FIHAV 2015. Feria Internacional de La Habana / International Havana Fair / FIHAV 2015.- Feira Internacional de Havana,oct,nov,La Habana,Expocuba,,"Ghislein Limonte Delgado                    

","(53 7) 271 3670 , 271 6614 ",,ghislein@palco.cu,
XIII Conferencia Internacional de Ciencias de la Educación. / 13th International Conference on Education Sciences / 13ª Conferência Internacional de Ciências da Educação,4-nov.,6-nov.,Camagüey,Universidad de Camagüey,Cubatur,Dra. María Teresa Machado Duran    MsC. Annelis Avalos. ,,,"maria.machado@reduc.edu.cu, annelis.avalos@reduc.edu.cu",
"V Congreso ""Salud y Calidad de  Vida"". / 5th ""Health and Quality of Life"" Congress. / 5º Congresso “Saúde e Qualidade de Vida”",4-Nov,6-Nov,Holguín,Universidad de Ciencias  Médicas ,Havanatur,Dr. Rhoden Nilo Rodríguez Casavielles.,"(53 24) 463564, 465063 ",,rrodriguez@ucm.hlg.sld.cu,
V Encuentro Juvenil Internacional de Solidaridad con los 5 Héroes.  Asamblea General de la Federación de Juventudes Democráticas. / 5th International Youth Meeting of Solidarity with the 5 Heroes. General Assembly of the World Federation of Democratic Youth / 5º Encontro Juvenil Internacional de Solidariedade aos Cinco Heróis. Assembléia Geral da Federação de Juventudes Democráticas,8-nov.,12-nov.,La Habana,Villa Panamericana,Amistur,Hugo Fernández Peña                     ,(537) 864 4184  864 4185,,vjecon@eco.ujc.cu,
Desafíos de la Producción de Biológicos para la Inmunoterapia / Biomanufacturing Challenges of Immunotherapy,9-nov.,13-nov.,La Habana,Hotel Palco,Havanatur,Lizette Fontanet Tamayo                                                             ,(537) 214 3207,,lizette@cim.sld.cu,www.cim.co.cu
VII Congreso Internacional de Medicina y Ciencias Aplicadas al Deporte y la Actividad Física / 7th International Congress of Medicine and Sciences Applied to Sports and Physical Activity / 7º Congresso Internacional de Medicina e Ciências Aplicadas ao Esporte e à Atividade Física,9-nov.,13-nov.,La Habana,Palacio de Convenciones ,Cubadeportes,Victor M. Cabrera Oliva              ,(537)6437152,,imd2015@gmail.com     , www.imd.inder.cu
XV Convención Internacional de Ordenamiento Territorial y Urbanismo. / 15th International Convention on Territorial Organization and Urban Planning / 15ª Convenção Internacional de Ordenamento Territorial e Urbanismo ,9-nov.,13-nov.,La Habana,Palacio de Convenciones ,Viajes Cubanacan,"Gisela Domínguez Battle 
Carlos M Rodríguez Otero
                                            

",(537) 265 5680 Ext.125 y 129,,"gisela@ipf.cu, carlos_manuel@ipf.cu ",www.ipf.cu
"IX Simposio Internacional ""Humedales 2015"". / 9th ""Wetlands 2015"" International Symposium/ 9º Simpósio Internacional “Pantanais 2015”",10-nov.,13-nov.,Matanzas,Cienaga de Zapata,Viajes Cubanacan,"Lic. Angel Alberto Alfonso Martínez


","(53 45) 244095, 243927, 242294",(53 45) 244095,angelambiente@delegaci.atenas.inf.cu,
II Conferencia Internacional de Biogeociencias. / 2nd International Conference of Biogeosciences  / 2ª Conferência Internacional de Biogeociências,2-nov.,5-nov.,S. Spiritus,Topes de Collantes,Gaviota Tours,Dr. Rolando Cárdenas Ortiz                 Dra. Yanet Rodríguez Sarabia             ,(53 42) 281109,,"rcardenas@uclv.edu.cu, yrsarabia@uclv.edu.cu                     ",
Congreso Cubano de Diabetes. Simposio Internacional de Diabetes. / Cuban Congress of Diabetes. International Diabetes Symposium. / Congresso Cubano de Diabete. Simpósio Internacional de Diabete.,11-Nov,13-Nov,La Habana,Hotel Tulipán,Havanatur,Dr. Francisco Carvajal Martínez     ,"(537) 832 1659, 832 1343",,endoped@infomed.sld.cu,
Taller Internacional sobre palmas. / International Workshop on Palm Trees / Workshop Internacional sobre palmeiras,nov,nov,La Habana,Jardín Botánico Nacional,ECOTUR,"MsC. Franklin Marín Milanés 
 


",,,"ecotur@hab.ecotur.tur.cu, esp.comercial1@hab.ecotur.tur.cu",www.ecoturcuba.tur.cu 
VIII Taller Internacional sobre la Aplicación Práctica de Heberprot-P en Pacientes con Úlceras de Pie Diabético. / 8th International Workshop on Practical Application of Heberprot-P on Patients with Diabetic Foot Ulcers. / 8ª Oficina Internacional sobre Aplicação Prática do Heberprot-P nos Pacientes com úlceras do pé diabético,12-nov.,14-nov.,La Habana,Hotel Melia Habana,Havanatur,Miriela Gil Mena                              Osvaldo Reyes Acosta                    ,(537) 271 6022 ext.1021                 ,,"mariela.gil@cigb.edu.cu, osvaldo.reyes@cigb.edu.cu",
Simposio Internacional Biomateriales en Periodoncia e Implantologia. / International Symposium on Biomaterials in Periodontics and Implant Technology / Simpósio Internacional Biomateriais em Periodontia  e Implantologia,12-nov.,15-nov.,Matanzas,Centro de Convenciones Plaza América Varadero,Havanatur,MSc. Dra. Judit Martínez Abreus                                                  ,(5345) 266415 ext.146 ,,jmabreu.mtz@infomed.sld.cu,
"MARCUBA. X Congreso de Ciencias del Mar. / 10th Congress of Sea Sciences / MARCUBA
10º Congresso de Ciências do Mar
",16-nov.,20-nov.,La Habana,Palacio de Convenciones ,Cubatur,Guillermo García Montero                  ,(537) 203 6401 al 06 Ext. 413   ,,guillermog@acuarionacional.cu,www.marcuba.com
V Congreso Internacional de Producción Animal Tropical 2015 / 5th International Congress of Tropical Animal Production 2015 / 5º Congresso Internacional de Produção Animal Tropical 2015,16-nov.,20-nov.,La Habana,Palacio de Convenciones ,Viajes Cubanacan,Dr.C. José Andrés Díaz Untoria                                         ,(53 47) 59 9433,,diazuntoria@ica.co.cu,  www.ciencia-animal.org
I Coloquio sobre la Enseñanza de las Artes en su nivel elemental y medio superior. / 1st Colloquium on the Teaching of Art in its elementary and intermediate higher level. / 1º Colóquio sobre o Ensino das Artes nos níveis fundamental e médio,16-nov.,20-nov.,La Habana,Escuelas de Arte ,Paradiso,"Rolando Ortega Alvarez.


",(53 7) 204 0902,,eventos@cnert.cult.cu ,
Encuentro de Amigos y Clientes Partagás. / Meeting of Partagás Friends and Clients / Encontro de Amigos e Clientes Partagás,16-nov.,20-nov.,La Habana,Casa del Habano Partagás,Havanatur,"Casa del Habano Partagás    

       
","(537) 866 8060,862 3772, 866 4288                                 ",,partagas@thabana.caracol.cu,
IX Conferencia Científica Internacional Medio Ambiente SIGLO XXI. / 9th Environment 21st Century International Scientific Conference / 9ª Conferência Científica Internacional Meio Ambiente Século 21,16-nov.,20-nov.,Villa Clara,Hotel Eurostar Cayo Santa María,Gaviota Tours,Dr.Norge Isaías Coello Machado            Dr. Idalberto Herrera Moya                      Dr. Yudieski Bernal Aguilar                                                     ,(53 42) 281630,(53 42) 281608 ,yba@uclv.edu.cu,www.eventos.fim.uclv.edu.cu/
"XVII Evento Internacional ""La Enseñanza de la Matemática, la Estadística y la Computación"" / 17th ""The Teaching of Mathematics, Statistics and Computing” International Event / 17º Evento Internacional “O Ensino da Matemática, Estatística e Computação”",17-nov.,27-nov.,Matanzas,"Hotel Acuazul, Varadero ",Cubatur,MsC. Bernardino Alfredo Almeida Carazo  ,(53 45) 291503,,bcarazo@ucp.ma.rimed.cu,
"CINAREM 2015.  Conferencia Internacional de Aprovechamiento de Recursos Minerales. / International Conference on the Use of Mineral Resources / CINAREM 2015
Conferência Internacional de Aproveitamento dos Recursos Minerais
",17-nov.,19-nov.,Holguín,Holguín,Amistur,Dr.C. Ángel Oscar Columbié Navarro Ing. Lic. Josefa Mestre Lamorú                             ,"(53 24) 604214, 606678",," acolumbie@ismm.edu.cu, jmestre@ismm.edu.cu","www.ismm.edu.cu, cinarem.ismm.edu.cu"
"XVIII Taller Internacional ""Nueva Ciencia Política"". / 18th ""New Political Science"" International Workshop / 18º Workshop Internacional “Nova Ciência Política”",18-nov.,21-nov.,La Habana,Universidad de la Habana,Havanatur,"Thalía Fung Riverón 
   
","(537) 832 1091, 879 1108",,muklan@ffh.uh.cu,
XI Coloquio Internacional por la Liberación de los Cinco Héroes y contra el Terrorismo. / 11th International Colloquium for the Liberation of the Five Heroes and against Terrorism. / 11º Colóquio Internacional pela Libertação dos Cinco Heróis e contra o Terrorismo,18-nov.,21-nov.,Holguín,Recinto Ferial  Expo-Holguín,Amistur,"Delegación Provincial del ICAP



",(53 24) 461914,(53 24) 424376, icaphlg@icap.cu,www.icap.cu
"YAYABOCIENCIA 2015 III Conferencia Científica Internacional de la UNISS / 3rd International Scientific Conference of the UNISS    / YAYABOCIÊNCIA 2015
3ª Conferência Científica Internacional da UNISS   
",19-nov.,21-nov.,S. Spiritus,Universidad de Sancti Spíritus ,Viajes Cubanacán; Havanatur ,Dr.C Manuel Guillermo Valle Fasco     Dr.C Osvaldo Romero Romero                    MSc Antonio Mendoza de la Cruz     ,(53-42) 336509               ,,"fasco@uniss.edu.cu, osvaldo@uniss.edu.cu, antonio@uniss.edu.cu           ",www.uniss.edu.cu 
V Congreso Cubano-Mexicano de Ozonoterapia. / 5th Cuban-Mexican Congress of Ozone Therapy. / 5º Congresso Cubano-Mexicano de Ozonoterapia,19-Nov,21-Nov,La Habana,Hotel Habana Libre,Havanatur,Dra. Vivian Borroto Rodríguez                   ,(537) 265 0714,,vivian.borroto@infomed.sld.cu ,
IV Seminario Internacional por la Abolición de las Bases Militares Extranjeras. / 4th International Seminar on the Abolition of Foreign Military Bases / 4º Seminário Internacional pela Abolição das Bases Militares Estrangeiras,22-nov.,24-nov.,Guantánamo ,Guantánamo ,Amistur,Silvio Andrés Platero Yrola            ,"(537) 831 9428, 831 9403",," movpaz@enet.cu, presidmp@enet.cu",
"AFIDE. VI Convención de Actividad Física y Deportes. / 6th Convention on Physical Activity and Sports / 6ª Convenção de Atividade Física e Esportes, AFIDE",23-nov.,27-nov.,La Habana,Palacio de Convenciones ,Cubadeportes,MsC. Luis del Toro Reyes                                          ,(537) 620 3986,,afide@inder.cu,afide.inder.cu
"5to. Evento Internacional de Agroecología, Agricultura Sostenible y Cooperativismo. / 5th International Event of Agroecology, Sustainable Agriculture and Cooperatives / 5º Evento Internacional de Agroecologia, Agricultura Sustentável e Cooperativismo",24-Nov,30-Nov,Artemisa,Escuela Nacional de la ANAP Niceto Pérez,Contactar  Comité Organizador,José Manso Ravelo                        ,(537) 832 7439,,administracion@anap.cu,
"COMPUMAT 2015. VIII Conferencia  Internacional de Matemática y Computación y XIV Congreso Nacional de la Sociedad de Matemática y Computación. / International Conference of Mathematics and Computing and 14th National Congress of the Society of Mathematics and Computing  / COMPUMAT 2015
8ª Conferência Internacional de Matemática e Computação e 14º Congresso Nacional da Sociedade de Matemática e Computação
",25-nov.,27-nov.,La Habana,"Universidad de las Ciencias Informáticas, UCI.",Cubatur,Dr. Juan Pedro Febles Rodríguez        ,(537) 837 3574  ,,compumat2015@uci.cu,www.uci.cu/Compumat2015
XX Festival Benny Moré / 20th Benny Moré Festival / 20º Festival Benny Moré,26-nov.,29-nov.,Cienfuegos,Cienfuegos y Santa Isabel de las Lajas,Paradiso,"Augusto Enríquez                          
   
",(537) 836 8865,,augusto@cubarte.cult.cu,
"IDIFARMA 2015. 2do Congreso Internacional de Investigación Desarrollo e Innovación de la Industria Farmacéutica. / International Congress on Development and Innovation of Pharmaceutical Industry Research / IDIFARMA 2015
2º Congresso Internacional de Pesquisa, Desenvolvimento e Inovação da Indústria Farmacêutica",30-nov.,4-dic.,La Habana,La Habana,Havanatur,Alejandro Padron Yaquis                    René Delgado Hernández  ,,,"rdelgado@infomed.sld.cu, rene.delgado@cidem.sld.cu",
Baila en Cuba 2015. Encuentro Mundial de Bailadores y Academias de Baile Casino y Salsa / World Meeting of Casino and Salsa Dancers and Academies   / Dança em Cuba 2015.  Encontro Mundial de Bailadores e Academias de Dança  Cassino e Salsa     ,nov,,La Habana,La Habana,Paradiso,Paradiso                            ,,,"ventas5@paradis.artex.cu, eventos@paradis.artex.cu",
"VIII Congreso Cubano de Meteorología. Seminario-Taller de Contaminación Atmosférica.  XVI Congreso Latinoamericano e Ibérico de Sociedades de Meteorología. / 8th Cuban Congress of Meteorology. Seminar-Workshop on Atmospheric Contamination.  16th Latin American and Iberian Congress of Societies of Meteorology / 8º Congresso Cubano de Meteorologia. Seminário-Oficina de Poluição Atmosférica. 16º Congresso Latino-Americano e Ibérico de Sociedades de Meteorologia
",1-dic.,4-dic.,La Habana,Hotel Habana Libre,Cubatur,"Andrés H. Planas Lavié
    


","(537) 868 6689, 830 8996, 830 6611",,"sometcuba@insmet.cu, andres.planas@insmet.cu",www.insmet.cu/sometcuba
VII Simposio Internacional sobre la Muerte Encefálica y Trastornos de la Conciencia. / 7th International Symposium on Brain Death and Disorders of the Conscience / 7º Simpósio Internacional sobre a Morte Encefálica e Transtornos da Consciência ,1-Dec,4-Dec,La Habana,Hotel Memories Habana ,Havanatur,Dr.Calixto Machado Curbelo   ,,,braind@infomed.sld.cu,
Festival Internacional de Coros de Santiago de Cuba. / International Choir Festival of Santiago de Cuba. / Festival Internacional de Coros de Santiago de Cuba,2-dic.,6-dic.,Santiago de Cuba,"Sala de Concierto Dolores, Casa Azul del Conservatorio. ",Paradiso,"Sergio Recasen Linares.


","(53 22) 641998, 641584, 641773",,cpmusica@cultstgo.cult.cu ,
XXXVII Festival Internacional del Nuevo Cine Latinoamericano. / 37th International New Latin American Film Festival. / 37º Festival Internacional do Cinema Novo Latino-Americano,3-dic.,13-dic.,La Habana,La Habana y Cines de capitales de Provincias,Paradiso,"Ivan Giroud Garate



","(537) 838 2854, 838 2864  ",,presidencia@festival.icaic.cu ,www.habanafilmfestival.com 
"FIART 2015 Feria Internacional de Artesanía. / International Art Fair /  FIART 2015
Feira Internacional de Artesanato
",4-dic.,20-dic.,La Habana,Pabexpo,Paradiso,"Jorge Alfonso.   


","(537) 204 7964, 833 0911",,"fiart@fcbc.cu, mercy@fcbc.cu, eventos@paradis.artex.cu                      ",www.fiart.cult.cu
"ICOM 2015 VIII Encuentro Internacional de Investigadores y Estudiosos de la Información y la Comunicación. / International Meeting of Researchers and Experts on Information and Communication / ICOM 2015
7º Encontro Internacional de Pesquisadores e Estudiosos da Informação e Comunicação
",8-dic.,11-dic.,La Habana,Palacio de Convenciones,Cubatur,Dr. Raúl Garcés Corral                        Dra. Zenaida Costales Pérez             ,(537) 883 0241,,"decano@fcom.uh.cu, postgrado@fcom.uh.cu         ",www.fcom.uh.cu
II Taller Internacional de Investigaciones sobre el Manejo de Ecosistemas Frágiles. / 2nd International Workshop of Research on Management of Fragile Ecosystems  / 2ª Oficina Internacional de Pesquisas sobre Manejo de Ecossistemas Frágeis ,8-dic.,11-dic.,Cienfuegos,Universidad de Cienfuegos,Cubatur,Dra. Marianela Morales Calatayud                               ,"(53 43) 500157, 500181",(53 43) 522967,mcmora@ucf.edu.cu        ,www.ucf.edu.cu 
IX Coloquio Internacional de Estética y Arte. / 9th International Colloquium on Aesthetics and Art / 9º Colóquio Internacional de Estética e Arte,9-dic.,11-dic.,La Habana,Facultad de los Medios de Comunicación Audiovisual (FAMCA),Viajes Cubanacan,"Dra. Alicia Pino Rodríguez                     Dr. José Ramón Fabelo Corzo              
",(537) 832 0301         ,,arteyestetica2015@yahoo.com.mx,
"Concurso de fotografía subacuática ""Lente al Agua"". / ""Lente al Agua"" Underwater Photography Contest / Concurso de fotografia Subaquática “Lente em Água”.",11-dic.,15-dic.,Matanzas,Ciénaga de Zapata,ECOTUR,"MsC. Franklin Marín Milanés              Cecilio Larena Rodríguez



",,,"ecotur@hab.ecotur.tur.cu, comercial@peninsula.tur.cu",www.ecoturcuba.tur.cu 
JAZZ PLAZA 2015. Festival Internacional  / International Festival / Festival Internacional JAZZ PLAZA 2015,17-dic.,20-dic.,La Habana,"Teatro Mella, Casa de la Cultura Plaza.",Paradiso,"Ysela Vistel Columbié



",(537) 202 4232,,"direccion@cnmp.cult.cu, nilda@cnmp.cult.cu ",www.D´Cubajazz.com 
